driver_id,total_fare,avg_distance
85,126.85,6.88
26,143.56,35.92333333333334
91,177.84,42.5
19,244.03999999999996,17.576666666666664
61,437.59999999999997,30.734
35,360.57,33.172000000000004
63,243.93,25.220000000000002
82,86.46,30.259999999999998
70,240.77999999999997,32.0
89,167.20999999999998,22.11
